id;created_at;file_name;file_type;file_path
1;2020-03-24T20:38:13;Licensed Right-sized River;Minnesota Avon Computers;Macao Object-based
2;2020-03-24T15:56:46;yellow Handmade;Vista;sky blue
3;2020-03-24T19:48:45;Sleek Accounts Bedfordshire;Intranet Shores Devolved;program generate
4;2020-03-25T10:24:27;utilisation bluetooth;Automotive Unbranded;Mozambique
5;2020-03-24T22:12:27;grey;connecting withdrawal;Ball
6;2020-03-24T15:28:35;functionalities;support;Dalasi Uruguay Usability
7;2020-03-25T10:58:39;Home Loan Account;pixel SSL;Oklahoma
8;2020-03-25T09:25:20;deposit;leading-edge;cross-platform
9;2020-03-24T15:58:30;Germany Ball Implemented;orange;Jewelery technologies Credit Card Account
10;2020-03-24T17:11:07;monitoring;Guinea Franc magnetic deposit;Pants Automated grey
