id;seo_name;seo_title;seo_description;seo_keys;content_top;content_bottom
1;pixel;Outdoors;Digitized Granite Checking Account;backing up;Saint Vincent and the Grenadines Investor;invoice Hat
2;HDD invoice;Ergonomic Silver;Belize;Bacon orchestrate Movies;Maine Licensed Concrete Salad;Practical Soft Chair Marshall Islands New York
3;Motorway;invoice Adaptive;Granite copy;Buckinghamshire Concrete Product;Mississippi viral;Regional
4;Intelligent Identity;Canadian Dollar Fantastic Aruban Guilder;Multi-tiered Shirt HDD;User-centric;Mission Frozen;Checking Account matrix
5;open-source;orchestrate;Handcrafted invoice;generating Principal navigate;Officer Chips hard drive;eyeballs
6;maximized Savings Account;violet Trail;Oklahoma;explicit Circle Awesome;Fundamental Avon;fuchsia matrix
7;California Rubber transmitting;customer loyalty intranet Generic;HTTP;Health orange;Universal conglomeration Virginia;Sausages Principal
8;withdrawal;Applications;Cambridgeshire;Factors visualize;Kansas Buckinghamshire compress;back up European Unit of Account 9(E.U.A.-9) Honduras
9;silver overriding protocol;Berkshire;program portals Reactive;Fish;Incredible Rubber Hat connecting digital;Rapid
10;Bike;Plastic infomediaries Montana;Garden;Fresh redundant;Soft;quantifying reboot New Israeli Sheqel
